district_name,climate_grid_cluster,cluster_size
MAHOTTARI,CLUSTER_15,4
RAUTAHAT,CLUSTER_15,4
SARLAHI,CLUSTER_15,4
SINDHULI,CLUSTER_15,4
BHAKTAPUR,CLUSTER_4,4
KATHMANDU,CLUSTER_4,4
KAVREPALANCHOWK,CLUSTER_4,4
LALITPUR,CLUSTER_4,4
DADELDHURA,CLUSTER_6,4
DOTI,CLUSTER_6,4
KAILALI,CLUSTER_6,4
KANCHANPUR,CLUSTER_6,4
ARGHAKHANCHI,CLUSTER_1,3
GULMI,CLUSTER_1,3
PYUTHAN,CLUSTER_1,3
EASTERN RUKUM,CLUSTER_10,3
ROLPA,CLUSTER_10,3
WESTERN RUKUM,CLUSTER_10,3
PALPA,CLUSTER_18,3
PARBAT,CLUSTER_18,3
SYANGJA,CLUSTER_18,3
BHOJPUR,CLUSTER_5,3
KHOTANG,CLUSTER_5,3
UDAYAPUR,CLUSTER_5,3
DAILEKH,CLUSTER_7,3
JAJARKOT,CLUSTER_7,3
KALIKOT,CLUSTER_7,3
DHANKUTA,CLUSTER_9,3
PANCHTHAR,CLUSTER_9,3
TEHRATHUM,CLUSTER_9,3
JUMLA,CLUSTER_11,2
MUGU,CLUSTER_11,2
KAPILVASTU,CLUSTER_12,2
RUPANDEHI,CLUSTER_12,2
KASKI,CLUSTER_13,2
MYAGDI,CLUSTER_13,2
LAMJUNG,CLUSTER_14,2
MANANG,CLUSTER_14,2
NAWALPUR,CLUSTER_16,2
TANAHU,CLUSTER_16,2
OKHALDHUNGA,CLUSTER_17,2
RAMECHHAP,CLUSTER_17,2
RASUWA,CLUSTER_19,2
SINDHUPALCHOK,CLUSTER_19,2
BARA,CLUSTER_2,2
PARSA,CLUSTER_2,2
SAPTARI,CLUSTER_20,2
SUNSARI,CLUSTER_20,2
BARDIYA,CLUSTER_3,2
SURKHET,CLUSTER_3,2
DHADING,CLUSTER_8,2
NUWAKOT,CLUSTER_8,2
ACHHAM,UNIQUE_ACHHAM,1
BAGLUNG,UNIQUE_BAGLUNG,1
BAITADI,UNIQUE_BAITADI,1
BAJHANG,UNIQUE_BAJHANG,1
BAJURA,UNIQUE_BAJURA,1
BANKE,UNIQUE_BANKE,1
CHITWAN,UNIQUE_CHITWAN,1
DANG,UNIQUE_DANG,1
DARCHULA,UNIQUE_DARCHULA,1
DHANUSA,UNIQUE_DHANUSA,1
DOLAKHA,UNIQUE_DOLAKHA,1
DOLPA,UNIQUE_DOLPA,1
GORKHA,UNIQUE_GORKHA,1
HUMLA,UNIQUE_HUMLA,1
ILAM,UNIQUE_ILAM,1
JHAPA,UNIQUE_JHAPA,1
MAKWANPUR,UNIQUE_MAKWANPUR,1
MORANG,UNIQUE_MORANG,1
MUSTANG,UNIQUE_MUSTANG,1
PARASI,UNIQUE_PARASI,1
SALYAN,UNIQUE_SALYAN,1
SANKHUWASABHA,UNIQUE_SANKHUWASABHA,1
SIRAHA,UNIQUE_SIRAHA,1
SOLUKHUMBU,UNIQUE_SOLUKHUMBU,1
TAPLEJUNG,UNIQUE_TAPLEJUNG,1
