district_name,district_id,province,elevation_mean_m,elevation_max_m,elevation_std_m,population,population_density_per_km2,hydropower_capacity_mw,hospital_count,school_count,road_density_km_per_km2,pop_per_hospital,climate_grid_cluster,mean_daily_rain_mm,p95_threshold_mm,extreme_days_per_yr,nat_extreme_days_per_yr,trend_mm_per_yr,anomaly_pct,rain_score,river_score,ruggedness_score,flood_hazard,landslide_hazard,combined_hazard,exposure_score,access_vuln_score,health_vuln_score,vulnerability_score,risk_combined,risk_flood,risk_landslide,risk_additive,events_total,flood_events,landslide_events,deaths,reporting_gap,steep_and_river
MYAGDI,NP46,Gandaki,3463.636,7421.0,1499.462,107033,47,172.0,2,145,0.235,53516.5,CLUSTER_13,4.473,34.122,7.273,10.909,58.283,44.803,75.0,49.363,86.154,66.038,93.838,99.766,56.75,55.994,74.983,81.082,100.0,91.422,100.0,100.0,250,26,187,68,0.052,False
DARCHULA,NP16,Sudurpashchim,3376.01,6811.0,1414.637,133310,57,96.5,1,170,0.203,133310.0,UNIQUE_DARCHULA,1.981,18.503,5.5,2.227,9.494,37.721,12.171,69.141,81.097,36.547,43.33,72.416,55.51,58.398,94.227,99.381,94.711,77.426,79.029,89.271,159,22,102,42,0.13,False
TAPLEJUNG,NP75,Koshi,3681.207,8038.0,1502.338,120590,33,116.9,1,46,0.17,120590.0,UNIQUE_TAPLEJUNG,3.615,22.948,8.182,3.636,58.762,71.724,22.368,62.168,86.325,38.755,54.807,77.221,48.787,61.244,92.112,100.0,92.552,75.403,82.693,89.438,343,47,251,71,-0.234,False
SANKHUWASABHA,NP64,Koshi,2833.303,7037.0,1484.512,158041,45,49.18,2,56,0.367,79020.5,UNIQUE_SANKHUWASABHA,2.879,19.303,7.5,2.409,32.526,47.933,13.487,79.378,85.263,44.461,47.408,81.352,50.604,48.845,83.2,81.986,88.616,74.635,72.971,83.529,294,64,203,33,-0.143,True
PYUTHAN,NP55,Lumbini,1325.566,3543.0,537.021,232019,177,12.5,5,470,1.0,46403.8,CLUSTER_1,4.423,40.109,6.682,13.136,19.229,14.994,91.118,66.868,28.78,89.07,63.143,86.263,63.565,32.751,71.976,58.893,87.075,94.864,78.671,81.548,172,26,98,84,0.299,False
BARDIYA,NP09,Lumbini,279.607,1510.0,214.457,459900,227,0.0,3,388,1.455,153300.0,CLUSTER_3,3.706,35.093,6.136,9.045,0.704,2.323,61.513,98.349,9.551,90.355,26.81,76.398,56.15,26.727,97.173,75.1,86.993,100.0,57.769,79.137,108,60,2,53,0.526,False
GORKHA,NP23,Gandaki,3054.439,7463.0,1731.729,251027,70,42.23,15,504,0.492,16735.133,UNIQUE_GORKHA,2.801,20.25,7.0,2.091,32.964,41.12,11.184,78.032,100.0,41.961,56.66,87.656,69.708,44.159,50.472,50.359,85.416,67.937,73.308,81.252,160,16,118,50,0.39,True
KASKI,NP34,Gandaki,2565.014,7582.0,1638.383,600051,297,145.2,60,591,1.09,10000.85,CLUSTER_13,4.473,34.122,7.273,10.909,58.283,44.803,75.0,41.494,94.435,60.647,100.0,100.0,91.244,31.361,39.617,30.364,81.903,71.796,83.883,91.204,363,79,187,97,0.0,False
SUNSARI,NP71,Koshi,162.951,1706.0,202.962,926962,737,3.2,15,308,2.19,61797.467,CLUSTER_20,3.648,28.822,7.364,6.955,32.814,52.224,46.382,98.364,8.866,80.0,15.042,67.414,75.238,20.158,78.016,53.354,81.132,93.458,43.621,71.045,162,91,46,37,0.013,False
DOTI,NP22,Sudurpashchim,1488.869,3234.0,570.143,204831,101,3.33,6,322,0.431,34138.5,CLUSTER_6,3.595,35.282,5.864,8.136,2.452,12.595,54.934,78.843,30.754,72.487,37.691,73.623,55.49,46.276,65.504,64.855,80.444,85.991,62.463,71.063,119,15,63,41,0.403,False
BAGLUNG,NP03,Gandaki,2305.67,4552.0,801.469,249211,140,4.0,8,223,0.805,31151.375,UNIQUE_BAGLUNG,4.281,34.423,7.091,10.045,23.573,18.119,68.75,67.786,44.545,74.376,58.23,83.031,58.081,36.243,63.573,54.742,80.326,82.641,71.171,73.839,206,23,150,98,0.084,False
RUKUM WEST,NP61,Karnali,2179.834,5604.0,935.005,166740,137,5.0,5,41,0.554,33348.0,CLUSTER_10,3.832,35.026,6.364,9.182,1.865,2.652,62.5,77.807,52.505,76.959,59.503,89.7,48.074,42.254,65.01,61.037,80.23,81.105,69.46,76.703,198,31,116,31,0.24,True
PALPA,NP51,Lumbini,986.627,1834.0,305.569,245027,178,2.4,7,383,1.208,35003.857,CLUSTER_18,4.868,42.08,6.909,14.045,47.687,35.638,97.697,71.167,14.982,96.522,57.773,84.603,58.873,29.715,66.032,51.301,79.276,89.918,69.442,73.534,245,26,158,65,-0.026,False
TANAHU,NP74,Gandaki,680.271,2042.0,240.475,321153,208,69.0,14,171,1.31,22939.5,CLUSTER_16,4.449,34.45,7.182,10.545,61.444,52.911,72.368,95.852,11.102,96.08,36.04,82.031,72.605,28.418,57.121,42.673,79.104,90.674,57.46,74.459,148,26,88,52,0.351,False
LAMJUNG,NP39,Gandaki,2296.423,7574.0,1367.052,155852,92,300.3,14,273,0.577,11132.286,CLUSTER_14,3.793,29.197,7.227,6.909,64.852,62.18,46.053,58.258,78.261,52.301,66.428,83.878,72.667,41.594,41.877,40.925,78.508,69.512,73.103,74.889,176,23,133,30,0.221,False
MAKWANPUR,NP41,Bagmati,889.685,2532.0,554.416,466073,192,128.0,17,553,0.86,27416.059,UNIQUE_MAKWANPUR,3.849,30.448,7.091,7.545,19.717,26.916,50.658,56.156,29.817,54.016,33.811,57.761,82.362,35.175,60.88,51.563,77.977,81.625,63.991,66.878,207,54,118,64,-0.481,False
BAJURA,NP06,Sudurpashchim,2934.046,5953.0,1023.794,138523,63,0.0,4,238,0.116,34630.75,UNIQUE_BAJURA,2.396,22.126,5.864,3.0,4.026,16.947,17.763,73.386,57.798,43.285,30.156,64.762,43.013,67.3,65.806,82.882,76.081,69.281,56.521,67.6,217,36,105,30,-0.357,False
OKHALDHUNGA,NP50,Koshi,1607.977,3525.0,673.159,139552,130,87.5,2,336,1.077,69776.0,CLUSTER_17,2.843,20.742,7.0,2.591,22.582,35.168,14.803,82.841,36.896,47.734,12.401,56.572,62.544,31.557,80.577,65.154,76.034,76.291,40.116,62.559,169,35,100,18,-0.338,False
JAJARKOT,NP27,Karnali,2291.851,4763.0,907.773,189360,85,0.0,7,144,0.31,27051.429,CLUSTER_7,3.29,29.74,6.364,6.5,2.904,4.806,43.092,73.707,50.882,60.856,43.855,75.413,46.064,51.571,60.598,65.183,75.482,74.344,61.68,67.353,178,29,107,65,0.065,False
KHOTANG,NP37,Koshi,1400.286,3533.0,649.702,175298,110,10.15,1,26,1.055,175298.0,CLUSTER_5,3.35,24.875,7.545,5.182,35.27,51.548,33.553,74.991,35.497,55.201,25.311,61.973,43.903,31.888,100.0,81.852,74.972,76.91,52.525,65.467,180,26,101,16,-0.253,False
SINDHUPALCHOK,NP68,Bagmati,2536.69,6466.0,1250.827,262624,103,149.62,11,508,0.988,23874.909,CLUSTER_19,2.69,19.295,6.864,2.091,10.129,17.335,11.184,61.629,71.332,30.725,35.33,62.033,75.134,32.94,57.964,47.208,74.603,59.717,60.388,63.624,215,58,143,147,-0.39,False
RAMECHHAP,NP56,Bagmati,2041.543,6393.0,1237.921,170302,110,153.83,7,419,1.428,24328.857,CLUSTER_17,2.843,20.742,7.0,2.591,22.582,35.168,14.803,77.681,70.563,44.2,37.45,72.778,70.299,27.025,58.361,42.544,74.274,64.889,57.536,66.293,105,20,66,33,0.468,True
SINDHULI,NP67,Bagmati,748.69,2281.0,428.003,300026,120,0.0,5,610,1.007,60005.2,CLUSTER_15,3.58,28.437,6.955,6.182,9.105,22.799,40.789,81.567,22.281,64.663,20.862,62.313,54.562,32.637,77.396,63.378,73.968,80.779,47.34,61.397,124,50,57,50,0.143,False
ILAM,NP26,Koshi,1089.485,3472.0,682.231,279534,164,110.77,9,101,1.171,31059.333,UNIQUE_ILAM,4.905,32.996,8.545,10.682,59.903,60.283,73.355,34.216,37.436,54.535,56.368,62.523,69.074,30.217,63.511,49.595,73.787,75.03,72.42,61.955,206,52,127,67,-0.279,False
ACHHAM,NP01,Sudurpashchim,1387.403,3695.0,551.026,228852,136,0.0,9,186,0.472,25428.0,UNIQUE_ACHHAM,3.203,29.836,6.091,6.364,1.285,7.854,42.105,88.539,29.615,70.34,27.298,71.193,50.806,44.806,59.293,58.362,73.348,78.511,49.865,63.093,159,16,38,56,0.091,False
KANCHANPUR,NP32,Sudurpashchim,272.041,1413.0,194.064,513757,319,0.0,10,324,1.652,51375.7,CLUSTER_6,3.595,35.282,5.864,8.136,2.452,12.595,54.934,80.618,8.335,73.702,21.01,61.886,61.494,24.69,74.122,53.893,72.486,83.734,46.582,59.671,86,38,6,13,0.299,False
BAJHANG,NP05,Sudurpashchim,3347.672,6455.0,1276.141,189085,55,75.54,27,321,0.168,7003.148,UNIQUE_BAJHANG,1.643,15.039,5.364,1.364,7.318,30.576,5.921,60.137,72.841,26.097,32.537,59.05,69.87,61.454,32.104,49.452,72.331,54.955,57.629,59.756,118,27,70,44,0.071,False
NAWALPUR,NP47,Gandaki,474.557,1753.0,342.596,378079,265,0.0,16,152,1.507,23629.938,CLUSTER_16,4.449,34.45,7.182,10.545,61.444,52.911,72.368,95.817,17.19,96.057,40.57,85.472,57.762,26.164,57.747,41.296,72.31,81.587,53.981,68.03,131,63,37,34,0.513,False
SALYAN,NP63,Karnali,1251.372,2680.0,413.611,238515,163,0.0,9,72,0.576,26501.667,UNIQUE_SALYAN,3.922,35.788,6.5,10.0,12.988,10.94,68.421,75.906,21.423,79.714,40.783,74.316,48.099,41.611,60.165,56.398,71.975,79.681,57.229,62.813,108,19,63,25,0.474,False
RUKUM EAST,NP60,Lumbini,3144.907,6224.0,980.776,56786,34,0.0,2,154,0.13,28393.0,CLUSTER_10,3.832,35.026,6.364,9.182,1.865,2.652,62.5,59.625,55.233,64.504,61.533,80.915,31.416,65.475,61.618,77.8,71.409,69.908,65.254,70.285,125,18,75,41,0.455,False
DHADING,NP17,Bagmati,1579.956,5889.0,1077.751,325710,169,8.65,21,608,1.28,15510.0,CLUSTER_8,3.539,25.823,7.182,5.0,30.931,34.699,32.237,78.457,61.014,56.674,43.317,77.703,70.541,28.792,48.869,36.014,71.355,67.285,57.098,66.447,177,35,118,73,0.117,True
UDAYAPUR,NP77,Koshi,604.588,2287.0,447.992,340721,165,0.0,6,70,1.124,56786.833,CLUSTER_5,3.35,24.875,7.545,5.182,35.27,51.548,33.553,93.875,23.473,68.137,16.365,65.873,48.871,30.872,76.234,60.904,71.156,77.613,39.416,59.507,165,77,64,29,-0.052,False
BHOJPUR,NP11,Koshi,1339.994,3645.0,653.706,157923,105,17.7,4,16,0.64,39480.75,CLUSTER_5,3.35,24.875,7.545,5.182,35.27,51.548,33.553,82.251,35.736,60.174,25.489,66.237,47.081,39.921,68.569,62.074,70.782,73.172,48.033,59.433,216,35,120,17,-0.299,False
KAILALI,NP30,Sudurpashchim,460.472,1915.0,404.164,904666,280,0.0,59,605,1.265,15333.322,CLUSTER_6,3.595,35.282,5.864,8.136,2.452,12.595,54.934,85.917,20.86,77.332,30.329,72.019,73.983,28.973,48.628,35.963,70.485,78.074,49.796,64.132,145,82,19,33,0.169,False
ROLPA,NP59,Lumbini,1857.036,3565.0,529.709,234793,125,0.0,5,395,0.538,46958.6,CLUSTER_10,3.832,35.026,6.364,9.182,1.865,2.652,62.5,39.864,28.344,50.968,41.526,54.393,51.467,42.704,72.227,67.518,70.088,73.387,64.125,56.138,302,24,229,73,-0.753,False
DOLAKHA,NP20,Bagmati,3001.868,6290.0,1324.533,172767,79,586.92,13,413,0.666,13289.769,UNIQUE_DOLAKHA,2.028,16.014,6.273,0.909,14.373,27.703,2.632,59.347,75.726,23.303,32.236,58.371,76.743,39.284,45.612,42.129,70.044,50.709,55.764,59.007,146,29,95,43,-0.156,False
MUGU,NP44,Karnali,3901.358,6123.0,1076.295,64549,18,0.0,9,247,0.036,7172.111,CLUSTER_11,2.238,19.259,6.0,2.045,1.606,7.916,10.855,81.268,60.928,43.953,27.345,67.096,36.803,86.33,32.607,70.904,67.899,61.053,47.104,59.266,58,15,37,17,0.506,True
SOLUKHUMBU,NP70,Koshi,3977.9,8454.0,1411.474,104851,32,201.8,9,47,0.287,11650.111,UNIQUE_SOLUKHUMBU,1.8,13.738,6.227,0.545,19.936,41.554,0.0,58.534,80.909,20.943,34.134,59.359,56.577,52.798,42.836,51.206,67.393,45.918,54.497,53.605,213,29,140,37,-0.455,False
DADELDHURA,NP13,Sudurpashchim,1278.925,2596.0,512.012,139602,91,0.0,5,177,0.64,27920.4,CLUSTER_6,3.595,35.282,5.864,8.136,2.452,12.595,54.934,75.15,27.289,69.957,35.112,69.553,43.955,39.919,61.265,55.897,67.217,72.478,51.306,56.735,142,21,50,13,0.156,False
NUWAKOT,NP49,Bagmati,1496.609,5001.0,769.905,263391,235,48.09,11,460,1.95,23944.636,CLUSTER_8,3.539,25.823,7.182,5.0,30.931,34.699,32.237,66.654,42.663,48.589,29.664,60.559,73.224,22.024,58.026,38.033,66.848,65.537,50.323,56.41,233,29,153,37,-0.494,False
KAPILVASTU,NP33,Lumbini,192.773,1425.0,192.662,682961,393,0.0,23,796,1.534,29693.957,CLUSTER_12,4.11,44.366,6.136,12.591,10.549,10.493,87.171,32.359,8.252,62.727,44.933,52.73,70.677,25.88,62.563,45.127,66.77,77.18,63.938,53.153,64,20,15,20,0.143,False
SAPTARI,NP65,Madhesh,127.044,839.0,73.587,706255,518,0.0,21,456,1.397,33631.19,CLUSTER_20,3.648,28.822,7.364,6.955,32.814,52.224,46.382,73.068,1.153,62.672,9.304,48.649,69.376,27.382,65.188,48.617,66.086,78.944,31.695,51.355,88,60,1,22,0.032,False
PANCHTHAR,NP52,Koshi,1696.694,4487.0,710.239,172400,139,93.54,5,13,1.386,34480.0,CLUSTER_9,3.79,27.49,7.818,6.636,25.517,36.552,44.079,56.624,39.106,49.83,35.828,59.568,55.033,27.515,65.714,49.173,65.597,65.441,54.026,51.781,246,68,157,54,-0.558,False
CHITWAN,NP12,Bagmati,391.329,1870.0,307.33,719859,325,0.0,74,423,1.314,9727.824,UNIQUE_CHITWAN,4.286,35.02,7.045,10.273,33.659,34.858,70.395,92.367,15.087,92.341,37.537,81.194,72.579,28.369,39.033,27.342,65.584,74.432,48.033,65.352,138,37,95,55,0.377,False
KALIKOT,NP31,Karnali,2661.544,4403.0,749.407,145292,83,0.0,44,314,0.133,3302.091,CLUSTER_7,3.29,29.74,6.364,6.5,2.904,4.806,43.092,82.395,41.441,66.808,36.831,74.985,54.302,65.195,16.253,39.214,65.336,66.944,49.163,57.235,212,29,133,91,-0.078,True
JHAPA,NP28,Koshi,117.149,791.0,54.24,998054,621,0.0,40,331,2.802,24951.35,UNIQUE_JHAPA,5.37,37.954,8.318,14.364,42.301,42.869,100.0,46.355,0.0,81.102,48.339,63.289,73.55,16.199,58.894,33.843,64.968,77.467,59.343,56.286,198,160,2,40,-0.227,False
RASUWA,NP57,Bagmati,3703.129,6722.0,1315.173,46689,30,269.6,7,97,0.292,6669.857,CLUSTER_19,2.69,19.295,6.864,2.091,10.129,17.335,11.184,69.317,75.168,35.991,38.184,68.584,54.125,52.499,31.076,41.013,64.042,52.067,50.904,53.414,137,19,99,39,0.169,False
PARBAT,NP53,Gandaki,1497.682,3230.0,529.912,130887,265,66.3,11,115,1.923,11898.818,CLUSTER_18,4.868,42.08,6.909,14.045,47.687,35.638,97.697,68.207,28.356,94.494,67.723,90.524,65.112,22.247,43.281,25.758,63.967,70.06,57.885,67.226,131,12,82,41,0.591,False
RUPANDEHI,NP62,Lumbini,171.272,1356.0,156.458,1121957,825,1.024,46,897,3.379,24390.37,CLUSTER_12,4.11,44.366,6.136,12.591,10.549,10.493,87.171,42.918,6.093,69.96,43.327,57.506,82.46,13.193,58.415,30.896,63.013,73.581,57.174,55.32,123,54,6,21,-0.026,False
RAUTAHAT,NP58,Madhesh,129.603,849.0,93.951,813573,723,0.0,19,291,1.914,42819.632,CLUSTER_15,3.58,28.437,6.955,6.182,9.105,22.799,40.789,68.187,2.367,55.498,6.046,43.385,69.35,22.328,70.281,48.649,62.989,75.099,25.153,47.479,159,70,0,44,-0.364,False
DANG,NP15,Lumbini,622.474,1972.0,316.59,674993,228,0.0,63,515,1.165,10714.175,UNIQUE_DANG,3.877,38.745,6.0,10.227,3.775,1.54,70.066,64.949,15.639,73.334,37.703,65.733,71.028,30.302,41.07,30.697,62.431,70.322,50.213,54.955,236,80,25,66,-0.377,False
DHANKUTA,NP18,Koshi,1080.11,2641.0,481.81,150599,169,0.0,6,63,1.394,25099.833,CLUSTER_9,3.79,27.49,7.818,6.636,25.517,36.552,44.079,92.734,25.489,74.566,25.696,72.355,43.312,27.414,59.019,43.429,61.076,66.543,39.271,51.551,163,14,112,20,0.065,False
BAITADI,NP04,Sudurpashchim,1567.011,2960.0,433.819,242157,159,0.0,10,326,0.864,24215.7,UNIQUE_BAITADI,2.927,26.775,6.0,4.727,6.986,25.017,30.263,70.406,22.628,49.807,13.289,50.18,54.246,35.093,58.263,49.281,60.702,65.089,33.76,44.487,130,14,93,22,-0.182,False
SURKHET,NP72,Karnali,895.065,2583.0,424.588,415126,169,0.0,77,551,0.815,5391.247,CLUSTER_3,3.706,35.093,6.136,9.045,0.704,2.323,61.513,100.0,22.078,91.486,36.13,84.458,67.922,36.031,26.589,23.299,60.607,67.443,42.525,62.949,118,27,46,48,0.617,False
GULMI,NP24,Lumbini,1311.257,2580.0,376.707,246494,215,5.0,30,419,1.49,8216.467,CLUSTER_1,4.423,40.109,6.682,13.136,19.229,14.994,91.118,76.914,19.223,95.952,56.033,86.542,67.69,26.352,35.473,22.628,60.394,67.872,51.187,63.986,202,20,137,71,0.182,False
BANKE,NP07,Lumbini,267.7,1149.0,186.422,603194,258,0.0,58,623,1.18,10399.897,UNIQUE_BANKE,3.889,36.01,6.318,10.045,19.856,15.903,68.75,62.492,7.88,70.75,30.951,59.177,71.135,30.097,40.442,29.993,59.152,68.641,45.464,49.792,69,41,3,34,0.26,False
HUMLA,NP25,Karnali,4390.115,6388.0,945.842,55394,10,0.0,9,190,0.055,6154.889,UNIQUE_HUMLA,1.509,14.448,5.273,0.909,1.933,8.971,2.632,79.854,53.151,37.351,15.44,57.196,32.896,79.43,29.382,62.346,57.312,51.091,31.843,45.077,174,23,51,15,-0.351,True
SARLAHI,NP66,Madhesh,154.697,639.0,109.007,862470,685,0.0,18,465,2.08,47915.0,CLUSTER_15,3.58,28.437,6.955,6.182,9.105,22.799,40.789,49.025,3.265,42.371,6.714,33.001,71.118,20.987,72.652,49.52,57.083,68.309,27.291,41.283,188,57,3,37,-0.597,False
MORANG,NP43,Koshi,265.699,2284.0,363.559,1148156,619,0.0,37,232,2.179,31031.243,UNIQUE_MORANG,4.145,32.512,7.636,9.273,12.886,26.331,63.158,19.429,18.439,37.42,34.647,37.519,72.772,20.242,63.492,41.147,56.252,60.44,55.651,40.899,152,123,12,36,-0.364,False
DOLPA,NP21,Karnali,4616.485,7425.0,800.632,42774,5,0.0,28,141,0.015,1527.643,UNIQUE_DOLPA,3.354,25.32,7.136,4.909,18.793,18.815,31.579,64.301,44.495,46.526,30.537,59.889,32.31,100.0,0.0,54.897,54.901,52.829,41.457,42.621,121,31,40,25,0.078,False
SIRAHA,NP69,Madhesh,155.378,890.0,100.88,739953,623,0.0,20,572,1.998,36997.65,UNIQUE_SIRAHA,3.333,28.437,6.909,6.318,13.681,30.726,41.776,47.993,2.78,42.34,7.088,32.7,71.001,21.634,67.2,45.458,54.746,65.812,26.803,38.751,80,29,4,14,-0.013,False
SYANGJA,NP73,Gandaki,1001.541,2174.0,331.893,253024,217,153.4,39,244,1.972,6487.795,CLUSTER_18,4.868,42.08,6.909,14.045,47.687,35.638,97.697,76.245,16.552,100.0,58.94,88.382,79.709,21.846,30.493,14.608,54.147,61.452,46.274,67.553,180,17,110,43,0.266,False
DAILEKH,NP14,Karnali,1530.305,3855.0,550.728,252313,168,8.55,41,356,0.931,6153.976,CLUSTER_7,3.29,29.74,6.364,6.5,2.904,4.806,43.092,71.552,29.597,59.38,28.019,62.087,69.43,33.896,29.379,23.853,54.126,57.097,38.508,47.6,135,17,70,28,0.052,False
TEHRATHUM,NP76,Koshi,1439.073,2935.0,570.467,88731,131,0.0,2,28,1.619,44365.5,CLUSTER_9,3.79,27.49,7.818,6.636,25.517,36.552,44.079,57.919,30.774,50.717,29.629,55.567,32.531,25.01,71.029,51.549,51.836,53.545,39.793,37.706,104,6,65,6,0.065,False
BARA,NP08,Madhesh,182.297,854.0,143.193,763137,641,0.0,15,526,1.667,50875.8,CLUSTER_2,3.662,31.518,6.773,8.0,5.843,19.651,53.947,17.597,5.303,29.856,18.02,23.773,69.869,24.546,73.916,53.597,50.799,60.382,45.918,36.045,120,43,0,19,-0.221,False
JUMLA,NP29,Karnali,3534.945,6116.0,698.176,118349,47,0.0,14,187,0.198,8453.5,CLUSTER_11,2.238,19.259,6.0,2.045,1.606,7.916,10.855,52.257,38.387,24.08,10.574,37.788,44.553,58.767,36.073,50.535,49.785,43.561,27.392,30.687,55,19,14,31,0.117,False
KAVREPALANCHOWK,NP36,Bagmati,1381.451,2818.0,462.253,364039,261,2.4,34,743,2.132,10707.029,CLUSTER_4,3.368,25.054,7.045,4.409,11.839,21.421,27.961,72.344,24.323,49.557,12.836,50.937,71.315,20.596,41.056,22.48,48.881,51.937,25.278,39.664,214,50,131,113,-0.623,False
PARASI,NP48,Lumbini,221.312,1059.0,189.519,386868,527,15.0,72,361,1.991,5373.167,UNIQUE_PARASI,4.442,44.801,6.591,13.5,23.458,23.286,93.75,74.706,8.064,96.242,49.689,80.438,80.536,21.693,26.518,11.119,46.189,53.861,37.734,60.226,93,16,10,6,0.61,False
DHANUSA,NP19,Madhesh,145.662,521.0,89.739,867747,735,0.0,43,539,1.823,20180.163,UNIQUE_DHANUSA,3.317,25.805,7.091,5.136,20.655,33.699,33.224,44.39,2.116,34.013,0.23,25.412,75.397,23.107,54.419,35.9,45.228,55.462,4.391,30.525,72,37,0,12,-0.013,False
MUSTANG,NP45,Gandaki,4669.922,6579.0,910.444,14452,4,11.2,1,13,0.08,14452.0,UNIQUE_MUSTANG,3.219,24.002,7.227,4.045,42.484,43.767,25.329,55.141,51.041,35.97,30.757,54.85,14.798,73.424,47.38,72.483,42.078,36.951,32.517,38.947,88,34,40,11,0.097,False
MAHOTTARI,NP40,Madhesh,175.186,743.0,141.927,706994,706,0.0,16,414,1.873,44187.125,CLUSTER_15,3.58,28.437,6.955,6.182,9.105,22.799,40.789,13.938,5.227,18.336,8.174,14.17,69.049,22.671,70.944,49.5,38.381,46.612,29.837,26.248,89,50,1,21,-0.117,False
LALITPUR,NP38,Bagmati,1535.804,2764.0,410.013,551667,1433,6.36,54,487,3.423,10216.056,CLUSTER_4,3.368,25.054,7.045,4.409,11.839,21.421,27.961,46.262,21.209,31.69,10.519,34.338,83.251,12.985,40.066,15.21,36.433,37.678,19.541,30.009,217,26,137,67,-0.747,False
PARSA,NP54,Madhesh,228.88,795.0,148.743,654471,484,0.0,36,444,1.105,18179.75,CLUSTER_2,3.662,31.518,6.773,8.0,5.843,19.651,53.947,0.0,5.634,17.801,18.266,13.957,70.668,31.153,52.218,40.841,35.093,42.466,40.93,22.199,57,32,2,17,-0.013,False
KATHMANDU,NP35,Bagmati,1579.465,2605.0,303.35,2041587,5169,0.64,205,1528,7.683,9958.961,CLUSTER_4,3.368,25.054,7.045,4.409,11.839,21.421,27.961,25.241,14.85,17.291,5.789,18.773,100.0,0.0,39.529,3.78,12.282,12.365,2.911,21.476,281,96,99,48,-0.896,False
ARGHAKHANCHI,NP02,Lumbini,1034.825,2146.0,368.02,177086,148,0.0,86,407,1.282,2059.14,CLUSTER_1,4.423,40.109,6.682,13.136,19.229,14.994,91.118,56.893,18.705,82.237,55.648,74.865,61.272,28.762,6.295,0.0,8.344,9.836,6.12,39.322,126,9,60,19,0.351,False
MANANG,NP42,Gandaki,4855.314,7584.0,847.869,5658,3,0.0,3,10,0.039,1886.0,CLUSTER_14,3.793,29.197,7.227,6.909,64.852,62.18,46.053,50.411,47.311,46.926,43.401,61.822,0.0,84.947,4.443,45.928,4.626,2.951,2.295,21.226,39,13,18,10,0.39,False
BHAKTAPUR,NP10,Bagmati,1460.027,2104.0,172.839,432132,3631,0.0,19,261,7.182,22743.789,CLUSTER_4,3.368,25.054,7.045,4.409,11.839,21.421,27.961,0.0,7.07,0.0,0.0,0.0,70.547,1.083,56.941,19.414,0.0,0.0,0.0,0.0,114,23,37,12,-0.221,False
