district_name,latitude,longitude
ACHHAM,29.0791,81.2867
ARGHAKHANCHI,27.9104,83.0511
BAGLUNG,28.3534,83.2501
BAITADI,29.4902,80.5518
BAJHANG,29.7619,81.1512
BAJURA,29.5936,81.5406
BANKE,28.0834,81.7988
BARA,27.1077,85.0567
BARDIYA,28.3467,81.4105
BHAKTAPUR,27.6813,85.4382
BHOJPUR,27.182,87.0722
CHITWAN,27.5736,84.4017
DADELDHURA,29.2187,80.4595
DAILEKH,28.8973,81.631
DANG,27.9864,82.4512
DARCHULA,29.9869,80.7458
DHADING,27.933,84.9757
DHANKUTA,26.9919,87.3422
DHANUSA,26.7961,86.0189
DOLAKHA,27.7859,86.1919
DOLPA,29.2055,83.0769
DOTI,29.1217,80.9005
GORKHA,28.2928,84.7642
GULMI,28.099,83.351
HUMLA,29.9793,81.8223
ILAM,26.8651,87.9355
JAJARKOT,28.87,82.1863
JHAPA,26.5853,87.9346
JUMLA,29.2649,82.2183
KAILALI,28.8317,80.8718
KALIKOT,29.2069,81.7706
KANCHANPUR,28.8341,80.3196
KAPILVASTU,27.6328,82.9485
KASKI,28.3237,84.0012
KATHMANDU,27.7045,85.3392
KAVREPALANCHOWK,27.5313,85.6218
KHOTANG,27.1759,86.7956
LALITPUR,27.5528,85.3489
LAMJUNG,28.258,84.4224
MAHOTTARI,26.8653,85.8321
MAKWANPUR,27.4451,85.1561
MANANG,28.6865,84.2165
MORANG,26.6036,87.4616
MUGU,29.6424,82.3499
MUSTANG,28.9936,83.8578
MYAGDI,28.5433,83.4744
NAWALPUR,27.7567,84.1405
NUWAKOT,27.921,85.225
OKHALDHUNGA,27.3156,86.4046
PALPA,27.8515,83.6573
PANCHTHAR,27.1554,87.8084
PARASI,27.523,83.7787
PARBAT,28.212,83.6788
PARSA,27.2386,84.7641
PYUTHAN,28.1242,82.8883
RAMECHHAP,27.5445,86.2049
RASUWA,28.2117,85.4185
RAUTAHAT,26.9999,85.329
ROLPA,28.3274,82.6246
RUKUM EAST,28.6516,82.8041
RUKUM WEST,28.7305,82.4558
RUPANDEHI,27.5714,83.3912
SALYAN,28.411,82.0961
SANKHUWASABHA,27.5909,87.2954
SAPTARI,26.6215,86.7465
SARLAHI,26.9607,85.5366
SINDHULI,27.2125,85.877
SINDHUPALCHOK,27.8865,85.7685
SIRAHA,26.744,86.3225
SOLUKHUMBU,27.7759,86.7277
SUNSARI,26.6388,87.1713
SURKHET,28.6922,81.5189
SYANGJA,28.0017,83.753
TANAHU,27.94,84.2481
TAPLEJUNG,27.5998,87.8284
TEHRATHUM,27.1425,87.5323
UDAYAPUR,26.9161,86.7346
