district_name,mean_daily_rain_mm,p95_threshold_mm,extreme_days_per_yr,trend_mm_per_yr,anomaly_pct,nat_extreme_days_per_yr,climate_grid_cluster,cluster_size
ACHHAM,3.2,29.84,6.09,1.29,7.85,6.36,UNIQUE_ACHHAM,1
ARGHAKHANCHI,4.42,40.11,6.68,19.23,14.99,13.14,CLUSTER_1,3
BAGLUNG,4.28,34.42,7.09,23.57,18.12,10.05,UNIQUE_BAGLUNG,1
BAITADI,2.93,26.78,6.0,6.99,25.02,4.73,UNIQUE_BAITADI,1
BAJHANG,1.64,15.04,5.36,7.32,30.58,1.36,UNIQUE_BAJHANG,1
BAJURA,2.4,22.13,5.86,4.03,16.95,3.0,UNIQUE_BAJURA,1
BANKE,3.89,36.01,6.32,19.86,15.9,10.05,UNIQUE_BANKE,1
BARA,3.66,31.52,6.77,5.84,19.65,8.0,CLUSTER_2,2
BARDIYA,3.71,35.09,6.14,0.7,2.32,9.05,CLUSTER_3,2
BHAKTAPUR,3.37,25.05,7.05,11.84,21.42,4.41,CLUSTER_4,4
BHOJPUR,3.35,24.87,7.55,35.27,51.55,5.18,CLUSTER_5,3
CHITWAN,4.29,35.02,7.05,33.66,34.86,10.27,UNIQUE_CHITWAN,1
DADELDHURA,3.6,35.28,5.86,2.45,12.59,8.14,CLUSTER_6,4
DAILEKH,3.29,29.74,6.36,2.9,4.81,6.5,CLUSTER_7,3
DANG,3.88,38.74,6.0,3.78,1.54,10.23,UNIQUE_DANG,1
DARCHULA,1.98,18.5,5.5,9.49,37.72,2.23,UNIQUE_DARCHULA,1
DHADING,3.54,25.82,7.18,30.93,34.7,5.0,CLUSTER_8,2
DHANKUTA,3.79,27.49,7.82,25.52,36.55,6.64,CLUSTER_9,3
DHANUSA,3.32,25.8,7.09,20.65,33.7,5.14,UNIQUE_DHANUSA,1
DOLAKHA,2.03,16.01,6.27,14.37,27.7,0.91,UNIQUE_DOLAKHA,1
DOLPA,3.35,25.32,7.14,18.79,18.81,4.91,UNIQUE_DOLPA,1
DOTI,3.6,35.28,5.86,2.45,12.59,8.14,CLUSTER_6,4
GORKHA,2.8,20.25,7.0,32.96,41.12,2.09,UNIQUE_GORKHA,1
GULMI,4.42,40.11,6.68,19.23,14.99,13.14,CLUSTER_1,3
HUMLA,1.51,14.45,5.27,1.93,8.97,0.91,UNIQUE_HUMLA,1
ILAM,4.9,33.0,8.55,59.9,60.28,10.68,UNIQUE_ILAM,1
JAJARKOT,3.29,29.74,6.36,2.9,4.81,6.5,CLUSTER_7,3
JHAPA,5.37,37.95,8.32,42.3,42.87,14.36,UNIQUE_JHAPA,1
JUMLA,2.24,19.26,6.0,1.61,7.92,2.05,CLUSTER_11,2
KAILALI,3.6,35.28,5.86,2.45,12.59,8.14,CLUSTER_6,4
KALIKOT,3.29,29.74,6.36,2.9,4.81,6.5,CLUSTER_7,3
KANCHANPUR,3.6,35.28,5.86,2.45,12.59,8.14,CLUSTER_6,4
KAPILVASTU,4.11,44.37,6.14,10.55,10.49,12.59,CLUSTER_12,2
KASKI,4.47,34.12,7.27,58.28,44.8,10.91,CLUSTER_13,2
KATHMANDU,3.37,25.05,7.05,11.84,21.42,4.41,CLUSTER_4,4
KAVREPALANCHOWK,3.37,25.05,7.05,11.84,21.42,4.41,CLUSTER_4,4
KHOTANG,3.35,24.87,7.55,35.27,51.55,5.18,CLUSTER_5,3
LALITPUR,3.37,25.05,7.05,11.84,21.42,4.41,CLUSTER_4,4
LAMJUNG,3.79,29.2,7.23,64.85,62.18,6.91,CLUSTER_14,2
MAHOTTARI,3.58,28.44,6.95,9.1,22.8,6.18,CLUSTER_15,4
MAKWANPUR,3.85,30.45,7.09,19.72,26.92,7.55,UNIQUE_MAKWANPUR,1
MANANG,3.79,29.2,7.23,64.85,62.18,6.91,CLUSTER_14,2
MORANG,4.15,32.51,7.64,12.89,26.33,9.27,UNIQUE_MORANG,1
MUGU,2.24,19.26,6.0,1.61,7.92,2.05,CLUSTER_11,2
MUSTANG,3.22,24.0,7.23,42.48,43.77,4.05,UNIQUE_MUSTANG,1
MYAGDI,4.47,34.12,7.27,58.28,44.8,10.91,CLUSTER_13,2
NAWALPUR,4.45,34.45,7.18,61.44,52.91,10.55,CLUSTER_16,2
NUWAKOT,3.54,25.82,7.18,30.93,34.7,5.0,CLUSTER_8,2
OKHALDHUNGA,2.84,20.74,7.0,22.58,35.17,2.59,CLUSTER_17,2
PALPA,4.87,42.08,6.91,47.69,35.64,14.05,CLUSTER_18,3
PANCHTHAR,3.79,27.49,7.82,25.52,36.55,6.64,CLUSTER_9,3
PARASI,4.44,44.8,6.59,23.46,23.29,13.5,UNIQUE_PARASI,1
PARBAT,4.87,42.08,6.91,47.69,35.64,14.05,CLUSTER_18,3
PARSA,3.66,31.52,6.77,5.84,19.65,8.0,CLUSTER_2,2
PYUTHAN,4.42,40.11,6.68,19.23,14.99,13.14,CLUSTER_1,3
RAMECHHAP,2.84,20.74,7.0,22.58,35.17,2.59,CLUSTER_17,2
RASUWA,2.69,19.29,6.86,10.13,17.33,2.09,CLUSTER_19,2
RAUTAHAT,3.58,28.44,6.95,9.1,22.8,6.18,CLUSTER_15,4
ROLPA,3.83,35.03,6.36,1.86,2.65,9.18,CLUSTER_10,3
RUKUM EAST,3.83,35.03,6.36,1.86,2.65,9.18,CLUSTER_10,3
RUKUM WEST,3.83,35.03,6.36,1.86,2.65,9.18,CLUSTER_10,3
RUPANDEHI,4.11,44.37,6.14,10.55,10.49,12.59,CLUSTER_12,2
SALYAN,3.92,35.79,6.5,12.99,10.94,10.0,UNIQUE_SALYAN,1
SANKHUWASABHA,2.88,19.3,7.5,32.53,47.93,2.41,UNIQUE_SANKHUWASABHA,1
SAPTARI,3.65,28.82,7.36,32.81,52.22,6.95,CLUSTER_20,2
SARLAHI,3.58,28.44,6.95,9.1,22.8,6.18,CLUSTER_15,4
SINDHULI,3.58,28.44,6.95,9.1,22.8,6.18,CLUSTER_15,4
SINDHUPALCHOK,2.69,19.29,6.86,10.13,17.33,2.09,CLUSTER_19,2
SIRAHA,3.33,28.44,6.91,13.68,30.73,6.32,UNIQUE_SIRAHA,1
SOLUKHUMBU,1.8,13.74,6.23,19.94,41.55,0.55,UNIQUE_SOLUKHUMBU,1
SUNSARI,3.65,28.82,7.36,32.81,52.22,6.95,CLUSTER_20,2
SURKHET,3.71,35.09,6.14,0.7,2.32,9.05,CLUSTER_3,2
SYANGJA,4.87,42.08,6.91,47.69,35.64,14.05,CLUSTER_18,3
TANAHU,4.45,34.45,7.18,61.44,52.91,10.55,CLUSTER_16,2
TAPLEJUNG,3.61,22.95,8.18,58.76,71.72,3.64,UNIQUE_TAPLEJUNG,1
TEHRATHUM,3.79,27.49,7.82,25.52,36.55,6.64,CLUSTER_9,3
UDAYAPUR,3.35,24.87,7.55,35.27,51.55,5.18,CLUSTER_5,3
